study_id,cmoc_id,study_title,year,doi,source_id,source_text_path,evidence_level,source_text_length,model_pts,model_polarity,model_context_code,model_context_text,model_intervention_code,model_intervention_text,model_mechanism_code,model_mechanism_text,model_outcome_code,model_outcome_text,model_relationship_triples,evidence_quote,quote_support_context,quote_support_intervention,quote_support_mechanism,quote_support_outcome,evidence_support_score,human_corrected_context,human_corrected_intervention,human_corrected_mechanism,human_corrected_outcome,human_corrected_triples,human_corrected_pts,decision_status,review_priority,ai_adjudication_confidence,error_category,reviewer_notes
S001,S001_CMOC1,"18  Reprinted from Australian Family Physician Vol. 41, No. 1/2 january/february 2012",,,201201linn.pdf,d:\LLM-Knowledge-Graph\graphrag\input\201201linn.pdf.txt,Full-text,15377,PTS1,Positive,E02,"students with 'low knowledge,' low clinical domain-specific knowledge, or an inability to use knowledge in a reasoning situation",E15,explicit and clear explanation of expert's reasoning,E27,build understanding,E25,high diagnostic accuracy,E15-[PROVIDES]->E19; E19-[TRIGGERS]->E27; E27-[LEADS_TO]->E25,"C: novice learners, such as medical students, have limited clinical experience and therefore need to approach most consultations in a more analytical way. | I: the teacher explaining the reasoning processes used including hypothesising, hypothesis testing, re-analysis and differential diagnosis. | M: this is to assist the student to understand what the clinician was thinking and how they were reasoning. | O: improving time to diagnosis.",partial_8_word,exact,exact,exact,0.938,E02,E15,E27,E25,E15-[PROVIDES]->E19; E19-[TRIGGERS]->E27; E27-[LEADS_TO]->E25,PTS1,AI_DRAFT_ACCEPT_READY_FOR_HUMAN_SIGNOFF,LOW,0.95,none,"AI-assisted draft, not final human gold. Evidence support 4/4; chain issues: none; predicate aliases normalized: no."
S001,S001_CMOC2,"18  Reprinted from Australian Family Physician Vol. 41, No. 1/2 january/february 2012",,,201201linn.pdf,d:\LLM-Knowledge-Graph\graphrag\input\201201linn.pdf.txt,Full-text,15377,PTS3,Positive,E04,positive student coping strategies or appropriate level of self-confidence or self-efficacy,E10,"real-life scenarios, including simulation and simulated patients",E26,grateful for the learning experience,E22,positive learning experience,E10-[PROVIDES]->E19; E19-[TRIGGERS]->E26; E26-[LEADS_TO]->E22,"C: the idea of a ‘coach’ to assist the student during an evolving consultation is highlighted as essential. | I: this approach used with a single student would remain beneficial, even potentially enhanced. | M: students having a basic understanding of the theoretical concepts behind clinical reasoning to improve understanding. | O: improving patient satisfaction and being branded with the ‘good doctor’ label.",exact,exact,exact,exact,1.0,E04,E10,E26,E22,E10-[PROVIDES]->E19; E19-[TRIGGERS]->E26; E26-[LEADS_TO]->E22,PTS3,AI_DRAFT_ACCEPT_READY_FOR_HUMAN_SIGNOFF,LOW,0.95,none,"AI-assisted draft, not final human gold. Evidence support 4/4; chain issues: none; predicate aliases normalized: no."
S001,S001_CMOC3,"18  Reprinted from Australian Family Physician Vol. 41, No. 1/2 january/february 2012",,,201201linn.pdf,d:\LLM-Knowledge-Graph\graphrag\input\201201linn.pdf.txt,Full-text,15377,PTS4,Negative,E05,negative student coping strategies or lacking self-confidence or self-efficacy,E14,"feedback is absent, incomplete or contains errors",E45,confusion,E38,negative learning outcomes,E14-[CONSTRAINS]->E19; E19-[TRIGGERS]->E45; E45-[LEADS_TO]->E38,"C: students can find it challenging to know how to navigate the information during a patient interaction. | I: if the student’s reasoning is unclear, the clinical teacher can interject with questions. | M: students can find it challenging to know how to navigate the information during a patient interaction. | O: a diagnosis that could have been made with a careful history and physical examination may end up taking two or three consultations.",partial_8_word,exact,partial_8_word,partial_8_word,0.812,E05,E14,E45,E38,E14-[CONSTRAINS]->E19; E19-[TRIGGERS]->E45; E45-[LEADS_TO]->E38,PTS4,AI_DRAFT_ACCEPT_READY_FOR_HUMAN_SIGNOFF,LOW,0.934,none,"AI-assisted draft, not final human gold. Evidence support 4/4; chain issues: none; predicate aliases normalized: no."
S002,S002_CMOC1,Coordination of Analytic and Similarity-Based Processing Strategies and Expertise in Dermatological Diagnosis,2001,10.1207/S15328015TLM1302_6,https://pubmed.ncbi.nlm.nih.gov/11302031/,d:\LLM-Knowledge-Graph\graphrag\input\pubmed_11302031.txt,Abstract Only,1691,PTS1,Positive,E02,"students with 'low knowledge,' low clinical domain-specific knowledge, or an inability to use knowledge in a reasoning situation",E18,instructing to use both 'non-analytical' or pattern recognition and analytical or step-wise approach to reasoning,E39,build upon what they already know,E46,"increase in learning gain or outcomes, or increase in diagnostic accuracy",E18-[PROVIDES]->E19; E19-[TRIGGERS]->E39; E39-[LEADS_TO]->E46,C: preclinical medical students enhanced their performance by adopting a similarity-based strategy. | I: the relative reliance on analytic and similarity-based processes is amenable to instruction. | M: students enhanced their performance by adopting a similarity-based strategy. | O: these results indicate that both processes are operative.,exact,exact,exact,not_found,0.841,E02,E18,E39,E46,E18-[PROVIDES]->E19; E19-[TRIGGERS]->E39; E39-[LEADS_TO]->E46,PTS1,AI_DRAFT_REVIEW_REQUIRED_ABSTRACT_ONLY,HIGH,0.794,provisional_evidence_level; pts_chain_mismatch,"AI-assisted draft, not final human gold. Evidence support 3/4; chain issues: mechanism:E39_not_in_E20/E27, outcome:E46_not_in_E25/E29/E30; predicate aliases normalized: no."
S002,S002_CMOC2,Coordination of Analytic and Similarity-Based Processing Strategies and Expertise in Dermatological Diagnosis,2001,10.1207/S15328015TLM1302_6,https://pubmed.ncbi.nlm.nih.gov/11302031/,d:\LLM-Knowledge-Graph\graphrag\input\pubmed_11302031.txt,Abstract Only,1691,PTS2,Positive,E03,students with high clinical domain-specific knowledge,E18,instructing to use both 'non-analytical' or pattern recognition and analytical or step-wise approach to reasoning,E24,rely on non-analytical reasoning,E25,high diagnostic accuracy,E18-[PROVIDES]->E19; E19-[TRIGGERS]->E24; E24-[LEADS_TO]->E25,C: residents enhanced their performance by adopting an analytic strategy. | I: the relative reliance on analytic and similarity-based processes is amenable to instruction. | M: residents enhanced their performance by adopting an analytic strategy. | O: these results indicate that both processes are operative.,partial_8_word,exact,partial_8_word,not_found,0.716,E03,E18,E24,E25,E18-[PROVIDES]->E19; E19-[TRIGGERS]->E24; E24-[LEADS_TO]->E25,PTS2,AI_DRAFT_REVIEW_REQUIRED_ABSTRACT_ONLY,HIGH,0.751,provisional_evidence_level; pts_chain_mismatch,"AI-assisted draft, not final human gold. Evidence support 3/4; chain issues: intervention:E18_not_in_E10/E11; predicate aliases normalized: no."
S003,S003_CMOC1,“Clinical Reasoning Theater”,2003,10.1097/00001888-200303000-00017,https://pubmed.ncbi.nlm.nih.gov/12634216/,d:\LLM-Knowledge-Graph\graphrag\input\pubmed_12634216.txt,Abstract Only,1510,PTS5,Positive,E06,students with different levels of knowledge within a group,E07,an expert's reasoning processes or thoughts are explicitly revealed and discussed,E39,build upon what they already know,E22,positive learning experience,E07-[PROVIDES]->E19; E19-[TRIGGERS]->E39; E39-[LEADS_TO]->E22,"C: students as the audience, the doctor's clinical reasoning skills are modeled in CRT | I: the doctor explains his or her reflections and discusses suggestions from the audience for additional questions | M: students appreciate CRT | O: students' evaluations of the relevance of CRT reveal that they appreciate CRT",exact,exact,not_found,exact,0.816,E06,E07,E39,E22,E07-[PROVIDES]->E19; E19-[TRIGGERS]->E39; E39-[LEADS_TO]->E22,PTS5,AI_DRAFT_REVIEW_REQUIRED_ABSTRACT_ONLY,HIGH,0.786,provisional_evidence_level; pts_chain_mismatch,"AI-assisted draft, not final human gold. Evidence support 3/4; chain issues: outcome:E22_not_in_E29/E43/E44/E46; predicate aliases normalized: no."
S003,S003_CMOC2,“Clinical Reasoning Theater”,2003,10.1097/00001888-200303000-00017,https://pubmed.ncbi.nlm.nih.gov/12634216/,d:\LLM-Knowledge-Graph\graphrag\input\pubmed_12634216.txt,Abstract Only,1510,PTS3,Positive,E04,positive student coping strategies or appropriate level of self-confidence or self-efficacy,E10,"real-life scenarios, including simulation and simulated patients",E26,grateful for the learning experience,E28,positive impact on learning,E10-[PROVIDES]->E19; E19-[TRIGGERS]->E26; E26-[LEADS_TO]->E28,C: students appreciate CRT | I: demonstrate the process of clinical reasoning to students through the conversation of a doctor with his or her patient | M: students appreciate CRT | O: the CRT format offers instructors with previous experience as lecturers only sufficient tools to apply the new approach successfully,not_found,exact,not_found,exact,0.632,E04,E10,E26,E28,E10-[PROVIDES]->E19; E19-[TRIGGERS]->E26; E26-[LEADS_TO]->E28,PTS3,AI_DRAFT_REVIEW_REQUIRED_ABSTRACT_ONLY,HIGH,0.871,provisional_evidence_level; weak_quote_support,"AI-assisted draft, not final human gold. Evidence support 2/4; chain issues: none; predicate aliases normalized: no."
S004,S004_CMOC1,Giving Learners the Best of Both Worlds: Do Clinical Teachers Need to Guard Against Teaching Pattern Recognition to Novices?,2006,10.1097/00001888-200604000-00017,https://pubmed.ncbi.nlm.nih.gov/16565197/,d:\LLM-Knowledge-Graph\graphrag\input\pubmed_16565197.txt,Abstract Only,1790,PTS1,Positive,E02,"students with 'low knowledge,' low clinical domain-specific knowledge, or an inability to use knowledge in a reasoning situation",E18,instructing to use both 'non-analytical' or pattern recognition and analytical or step-wise approach to reasoning,E27,build understanding,E46,"increase in learning gain or outcomes, or increase in diagnostic accuracy",E18-[PROVIDES]->E19; E19-[TRIGGERS]->E27; E27-[LEADS_TO]->E46,"C: 48 undergraduate psychology students from McMaster University... were taught to diagnose ten cardiac disorders. | I: the groups instructed to use both strategies (explicitly or implicitly) performed significantly better. | M: the results support an additive model of clinical reasoning. | O: performed significantly better (56% and 53%, respectively; p < .01).",not_found,exact,exact,exact,0.879,E02,E18,E27,E46,E18-[PROVIDES]->E19; E19-[TRIGGERS]->E27; E27-[LEADS_TO]->E46,PTS1,AI_DRAFT_REVIEW_REQUIRED_ABSTRACT_ONLY,HIGH,0.808,provisional_evidence_level; pts_chain_mismatch,"AI-assisted draft, not final human gold. Evidence support 3/4; chain issues: outcome:E46_not_in_E25/E29/E30; predicate aliases normalized: no."
S004,S004_CMOC2,Giving Learners the Best of Both Worlds: Do Clinical Teachers Need to Guard Against Teaching Pattern Recognition to Novices?,2006,10.1097/00001888-200604000-00017,https://pubmed.ncbi.nlm.nih.gov/16565197/,d:\LLM-Knowledge-Graph\graphrag\input\pubmed_16565197.txt,Abstract Only,1790,PTS1,Negative,E02,"students with 'low knowledge,' low clinical domain-specific knowledge, or an inability to use knowledge in a reasoning situation",E08,instructed to use analytical reasoning alone,E45,confusion,E36,poor illness script development,E08-[PROVIDES]->E19; E19-[TRIGGERS]->E45; E45-[LEADS_TO]->E36,C: 48 undergraduate psychology students from McMaster University... were taught to diagnose ten cardiac disorders. | I: No difference in diagnostic accuracy was observed between the groups given the feature first (42%) and first impression (41%) instructions. | M: No difference in diagnostic accuracy was observed between the groups. | O: No difference in diagnostic accuracy was observed between the groups.,not_found,exact,exact,exact,0.879,E02,E08,E45,E36,E08-[PROVIDES]->E19; E19-[TRIGGERS]->E45; E45-[LEADS_TO]->E36,PTS1,AI_DRAFT_REVIEW_REQUIRED_ABSTRACT_ONLY,HIGH,0.808,provisional_evidence_level; pts_chain_mismatch,"AI-assisted draft, not final human gold. Evidence support 3/4; chain issues: intervention:E08_not_in_E07/E15/E18, mechanism:E45_not_in_E20/E27, outcome:E36_not_in_E25/E29/E30; predicate aliases normalized: no."
S005,S005_CMOC1,Teaching from the clinical reasoning literature: combined reasoning strategies help novice diagnosticians overcome misleading information,2007,10.1111/j.1365-2923.2007.02923.x,EBSCO-FullText-01_02_2026 (1).pdf,d:\LLM-Knowledge-Graph\graphrag\input\EBSCO-FullText-01_02_2026 (1).pdf.txt,Full-text,33360,PTS1,Positive,E02,"students with 'low knowledge,' low clinical domain-specific knowledge, or an inability to use knowledge in a reasoning situation",E18,instructing to use both 'non-analytical' or pattern recognition and analytical or step-wise approach to reasoning,E27,build understanding,E25,high diagnostic accuracy,E18-[PROVIDES]->E19; E19-[TRIGGERS]->E27; E27-[LEADS_TO]->E25,C: Undergraduate psychology students were trained to diagnose 10 cardiac conditions via ECG presentation. | I: the instruction to utilise a combined reasoning approach resulted in greater diagnostic accuracy. | M: explicitly telling novice diagnosticians to utilise multiple forms of reasoning can result in improved diagnostic accuracy. | O: the instruction to utilise a combined reasoning approach resulted in greater diagnostic accuracy.,exact,not_found,partial_8_word,not_found,0.682,E02,E18,E27,E25,E18-[PROVIDES]->E19; E19-[TRIGGERS]->E27; E27-[LEADS_TO]->E25,PTS1,AI_DRAFT_REVIEW_REQUIRED,HIGH,0.889,weak_quote_support,"AI-assisted draft, not final human gold. Evidence support 2/4; chain issues: none; predicate aliases normalized: no."
S005,S005_CMOC2,Teaching from the clinical reasoning literature: combined reasoning strategies help novice diagnosticians overcome misleading information,2007,10.1111/j.1365-2923.2007.02923.x,EBSCO-FullText-01_02_2026 (1).pdf,d:\LLM-Knowledge-Graph\graphrag\input\EBSCO-FullText-01_02_2026 (1).pdf.txt,Full-text,33360,PTS4,Negative,E05,negative student coping strategies or lacking self-confidence or self-efficacy,E14,"feedback is absent, incomplete or contains errors",E45,confusion,E36,poor illness script development,E14-[CONSTRAINS]->E19; E19-[TRIGGERS]->E45; E45-[LEADS_TO]->E36,C: participants in the no-instruction condition would have been influenced by similarity when making their diagnostic decisions. | I: participants who had been explicitly told to trust feelings of familiarity and to be careful not to overlook presenting features. | M: participants in the no-instruction condition did not perform as successfully. | O: participants in the no-instruction condition did not perform as successfully.,partial_8_word,partial_8_word,not_found,not_found,0.506,E05,E14,E45,E36,E14-[CONSTRAINS]->E19; E19-[TRIGGERS]->E45; E45-[LEADS_TO]->E36,PTS4,AI_DRAFT_REVIEW_REQUIRED,HIGH,0.827,weak_quote_support,"AI-assisted draft, not final human gold. Evidence support 2/4; chain issues: none; predicate aliases normalized: no."
S006,S006_CMOC1,The benefits of flexibility: the pedagogical value of instructions to adopt multifaceted diagnostic reasoning strategies,2007,10.1111/j.1365-2929.2007.02688.x,EBSCO-FullText-01_02_2026 (2).pdf,d:\LLM-Knowledge-Graph\graphrag\input\EBSCO-FullText-01_02_2026 (2).pdf.txt,Full-text,32669,PTS1,Positive,E02,"students with 'low knowledge,' low clinical domain-specific knowledge, or an inability to use knowledge in a reasoning situation",E18,instructing to use both 'non-analytical' or pattern recognition and analytical or step-wise approach to reasoning,E27,build understanding,E25,high diagnostic accuracy,E18-[PROVIDES]->E19; E19-[TRIGGERS]->E27; E27-[LEADS_TO]->E25,C: naïve students were trained to identify features on electrocardiograms (ECGs) and assign diagnoses. | I: participants were instructed to carefully identify all features while trusting guidance provided by feelings of familiarity. | M: instructions to utilise a combined reasoning strategy can improve performance. | O: Greater diagnostic accuracy was achieved following both contrastive learning and instructions to use a combined reasoning strategy.,exact,partial_8_word,exact,exact,0.938,E02,E18,E27,E25,E18-[PROVIDES]->E19; E19-[TRIGGERS]->E27; E27-[LEADS_TO]->E25,PTS1,AI_DRAFT_ACCEPT_READY_FOR_HUMAN_SIGNOFF,LOW,0.95,none,"AI-assisted draft, not final human gold. Evidence support 4/4; chain issues: none; predicate aliases normalized: no."
S006,S006_CMOC2,The benefits of flexibility: the pedagogical value of instructions to adopt multifaceted diagnostic reasoning strategies,2007,10.1111/j.1365-2929.2007.02688.x,EBSCO-FullText-01_02_2026 (2).pdf,d:\LLM-Knowledge-Graph\graphrag\input\EBSCO-FullText-01_02_2026 (2).pdf.txt,Full-text,32669,PTS3,Positive,E04,positive student coping strategies or appropriate level of self-confidence or self-efficacy,E09,teaching resources that allow them to make mistakes,E26,grateful for the learning experience,E22,positive learning experience,E09-[PROVIDES]->E19; E19-[TRIGGERS]->E26; E26-[LEADS_TO]->E22,"C: students might naturally utilise a combined reasoning strategy. | I: the need to assess such a comparison provided the first objective of this study. | M: the conclusion that contrastive learning and combined reasoning instructions hold pedagogical value. | O: students might naturally utilise a combined reasoning strategy, but they appear to do so with less benefit.",exact,partial_8_word,exact,partial_8_word,0.875,E04,E09,E26,E22,E09-[PROVIDES]->E19; E19-[TRIGGERS]->E26; E26-[LEADS_TO]->E22,PTS3,AI_DRAFT_ACCEPT_READY_FOR_HUMAN_SIGNOFF,LOW,0.95,none,"AI-assisted draft, not final human gold. Evidence support 4/4; chain issues: none; predicate aliases normalized: no."
S007,S007_CMOC1,"Fostering diagnostic knowledge through computer‐supported, case‐based worked examples: effects of erroneous examples and feedback",2008,10.1111/j.1365-2923.2008.03122.x,EBSCO-FullText-01_02_2026 (10).pdf,d:\LLM-Knowledge-Graph\graphrag\input\EBSCO-FullText-01_02_2026 (10).pdf.txt,Full-text,32206,PTS1,Positive,E02,"students with 'low knowledge,' low clinical domain-specific knowledge, or an inability to use knowledge in a reasoning situation",E09,teaching resources that allow them to make mistakes,E27,build understanding,E46,"increase in learning gain or outcomes, or increase in diagnostic accuracy",E09-[PROVIDES]->E19; E19-[TRIGGERS]->E27; E27-[LEADS_TO]->E46,C: medical students at the end of their clinical studies proceed in an additive and mechanistic way. | I: the acquisition of diagnostic knowledge is mainly supported by providing erroneous examples in combination with elaborated feedback. | M: learners must identify the error and understand the correct solution by systematically comparing the incorrect solution with the correct one. | O: the effects of the learning environment proved sustainable.,exact,partial_8_word,exact,exact,0.938,E02,E09,E27,E46,E09-[PROVIDES]->E19; E19-[TRIGGERS]->E27; E27-[LEADS_TO]->E46,PTS1,AI_DRAFT_REVIEW_REQUIRED,MEDIUM,0.828,pts_chain_mismatch,"AI-assisted draft, not final human gold. Evidence support 4/4; chain issues: intervention:E09_not_in_E07/E15/E18, outcome:E46_not_in_E25/E29/E30; predicate aliases normalized: no."
S007,S007_CMOC2,"Fostering diagnostic knowledge through computer‐supported, case‐based worked examples: effects of erroneous examples and feedback",2008,10.1111/j.1365-2923.2008.03122.x,EBSCO-FullText-01_02_2026 (10).pdf,d:\LLM-Knowledge-Graph\graphrag\input\EBSCO-FullText-01_02_2026 (10).pdf.txt,Full-text,32206,PTS4,Negative,E05,negative student coping strategies or lacking self-confidence or self-efficacy,E14,"feedback is absent, incomplete or contains errors",E45,confusion,E36,poor illness script development,E14-[CONSTRAINS]->E19; E19-[TRIGGERS]->E45; E45-[LEADS_TO]->E36,"C: the information that a specific diagnostic conclusion or procedure is not adequate seems not to be sufficient to induce deep conceptual understanding. | I: When only KCR feedback is given, erroneous examples are detrimental. | M: the information deﬁcit in the conditions with KCR feedback... must be compensated for by effective self-explanation. | O: the unfavourable effect of erroneous examples in combination with KCR feedback on knowledge acquisition replicates findings.",partial_8_word,not_found,partial_8_word,partial_8_word,0.662,E05,E14,E45,E36,E14-[CONSTRAINS]->E19; E19-[TRIGGERS]->E45; E45-[LEADS_TO]->E36,PTS4,AI_DRAFT_ACCEPT_READY_FOR_HUMAN_SIGNOFF,LOW,0.882,none,"AI-assisted draft, not final human gold. Evidence support 3/4; chain issues: none; predicate aliases normalized: no."
S008,S008_CMOC1,Integrated Cases Section: A Course Designed to Promote Clinical Reasoning in Year 2 Medical Students,2010,10.1080/10401334.2010.512835,https://pubmed.ncbi.nlm.nih.gov/20936581/,d:\LLM-Knowledge-Graph\graphrag\input\pubmed_20936581.txt,Abstract Only,1291,PTS1,Positive,E02,"students with 'low knowledge,' low clinical domain-specific knowledge, or an inability to use knowledge in a reasoning situation",E18,instructing to use both 'non-analytical' or pattern recognition and analytical or step-wise approach to reasoning,E27,build understanding,E46,"increase in learning gain or outcomes, or increase in diagnostic accuracy",E18-[PROVIDES]->E19; E19-[TRIGGERS]->E27; E27-[LEADS_TO]->E46,C: Medical students often have difficulty applying basic science knowledge within clinical contexts as they transition into clerkships. | I: Curricular instruction incorporated analytic and nonanalytic clinical reasoning models. | M: Students reported increased confidence in their diagnostic reasoning ability during the course. | O: Students clinical reasoning showed a significant gain after the Integrated Cases Section on a script concordance test.,exact,exact,exact,exact,1.0,E02,E18,E27,E46,E18-[PROVIDES]->E19; E19-[TRIGGERS]->E27; E27-[LEADS_TO]->E46,PTS1,AI_DRAFT_REVIEW_REQUIRED_ABSTRACT_ONLY,HIGH,0.85,provisional_evidence_level; pts_chain_mismatch,"AI-assisted draft, not final human gold. Evidence support 4/4; chain issues: outcome:E46_not_in_E25/E29/E30; predicate aliases normalized: no."
S008,S008_CMOC2,Integrated Cases Section: A Course Designed to Promote Clinical Reasoning in Year 2 Medical Students,2010,10.1080/10401334.2010.512835,https://pubmed.ncbi.nlm.nih.gov/20936581/,d:\LLM-Knowledge-Graph\graphrag\input\pubmed_20936581.txt,Abstract Only,1291,PTS3,Positive,E04,positive student coping strategies or appropriate level of self-confidence or self-efficacy,E10,"real-life scenarios, including simulation and simulated patients",E26,grateful for the learning experience,E22,positive learning experience,E10-[PROVIDES]->E19; E19-[TRIGGERS]->E26; E26-[LEADS_TO]->E22,C: Students reported increased confidence in their diagnostic reasoning ability during the course. | I: Practice with variable case scenarios enhanced students application of basic science knowledge to clinical problem solving. | M: Students reported increased confidence in their diagnostic reasoning ability during the course. | O: Students clinical reasoning showed a significant gain after the Integrated Cases Section on a script concordance test.,exact,exact,exact,exact,1.0,E04,E10,E26,E22,E10-[PROVIDES]->E19; E19-[TRIGGERS]->E26; E26-[LEADS_TO]->E22,PTS3,AI_DRAFT_REVIEW_REQUIRED_ABSTRACT_ONLY,HIGH,0.95,provisional_evidence_level,"AI-assisted draft, not final human gold. Evidence support 4/4; chain issues: none; predicate aliases normalized: no."
S009,S009_CMOC1,To Think Is Good: Querying an Initial Hypothesis Reduces Diagnostic Error in Medical Students,2010,10.1097/ACM.0b013e3181e1b229,https://pubmed.ncbi.nlm.nih.gov/20592507/,d:\LLM-Knowledge-Graph\graphrag\input\pubmed_20592507.txt,Abstract Only,1699,PTS1,Positive,E02,"students with 'low knowledge,' low clinical domain-specific knowledge, or an inability to use knowledge in a reasoning situation",E18,instructing to use both 'non-analytical' or pattern recognition and analytical or step-wise approach to reasoning,E27,build understanding,E46,"increase in learning gain or outcomes, or increase in diagnostic accuracy",E18-[PROVIDES]->E19; E19-[TRIGGERS]->E27; E27-[LEADS_TO]->E46,C: first-year medical students from the University of Calgary | I: querying an initial diagnostic hypothesis | M: allows students to rectify an incorrect diagnosis | O: final diagnoses were more accurate than initial diagnoses,exact,exact,exact,exact,1.0,E02,E18,E27,E46,E18-[PROVIDES]->E19; E19-[TRIGGERS]->E27; E27-[LEADS_TO]->E46,PTS1,AI_DRAFT_REVIEW_REQUIRED_ABSTRACT_ONLY,HIGH,0.85,provisional_evidence_level; pts_chain_mismatch,"AI-assisted draft, not final human gold. Evidence support 4/4; chain issues: outcome:E46_not_in_E25/E29/E30; predicate aliases normalized: no."
S009,S009_CMOC2,To Think Is Good: Querying an Initial Hypothesis Reduces Diagnostic Error in Medical Students,2010,10.1097/ACM.0b013e3181e1b229,https://pubmed.ncbi.nlm.nih.gov/20592507/,d:\LLM-Knowledge-Graph\graphrag\input\pubmed_20592507.txt,Abstract Only,1699,PTS4,Negative,E05,negative student coping strategies or lacking self-confidence or self-efficacy,E14,"feedback is absent, incomplete or contains errors",E45,confusion,E36,poor illness script development,E14-[CONSTRAINS]->E19; E19-[TRIGGERS]->E45; E45-[LEADS_TO]->E36,C: students retained only 23.3% of initial diagnoses | I: no difference existed in the accuracy of initial and final diagnoses | M: change was almost invariably from incorrect to correct | O: initial diagnoses were retained only 23.3% of the time,exact,exact,exact,not_found,0.835,E05,E14,E45,E36,E14-[CONSTRAINS]->E19; E19-[TRIGGERS]->E45; E45-[LEADS_TO]->E36,PTS4,AI_DRAFT_REVIEW_REQUIRED_ABSTRACT_ONLY,HIGH,0.942,provisional_evidence_level,"AI-assisted draft, not final human gold. Evidence support 3/4; chain issues: none; predicate aliases normalized: no."
S010,S010_CMOC1,A Novel Educational Tool for Teaching Diagnostic Reasoning and Laboratory Data Interpretation to Veterinary (and Medical) Students,2011,10.1016/j.cll.2010.10.007,first-page-pdf.pdf,d:\LLM-Knowledge-Graph\graphrag\input\first-page-pdf.pdf.txt,Partial Full-text,2409,PTS1,Positive,E02,"students with 'low knowledge,' low clinical domain-specific knowledge, or an inability to use knowledge in a reasoning situation",E15,explicit and clear explanation of expert's reasoning,E27,build understanding,E46,"increase in learning gain or outcomes, or increase in diagnostic accuracy",E15-[PROVIDES]->E19; E19-[TRIGGERS]->E27; E27-[LEADS_TO]->E46,C: students with limited diagnostic experience in clinical pathology. | I: the educational tool provides explicit explanations of diagnostic reasoning. | M: students actively constructed understanding of diagnostic processes. | O: students demonstrated improved diagnostic accuracy after using the tool.,not_found,not_found,not_found,not_found,0.222,E02,E15,E27,E46,E15-[PROVIDES]->E19; E19-[TRIGGERS]->E27; E27-[LEADS_TO]->E46,PTS1,AI_DRAFT_REVIEW_REQUIRED,HIGH,0.578,provisional_evidence_level; weak_quote_support; pts_chain_mismatch,"AI-assisted draft, not final human gold. Evidence support 0/4; chain issues: outcome:E46_not_in_E25/E29/E30; predicate aliases normalized: no."
S010,S010_CMOC2,A Novel Educational Tool for Teaching Diagnostic Reasoning and Laboratory Data Interpretation to Veterinary (and Medical) Students,2011,10.1016/j.cll.2010.10.007,first-page-pdf.pdf,d:\LLM-Knowledge-Graph\graphrag\input\first-page-pdf.pdf.txt,Partial Full-text,2409,PTS4,Negative,E05,negative student coping strategies or lacking self-confidence or self-efficacy,E14,"feedback is absent, incomplete or contains errors",E45,confusion,E36,poor illness script development,E14-[CONSTRAINS]->E19; E19-[TRIGGERS]->E45; E45-[LEADS_TO]->E36,C: students lacking confidence in their diagnostic reasoning abilities. | I: students received minimal feedback during the learning process. | M: students expressed confusion due to lack of feedback. | O: students struggled to develop coherent illness scripts.,not_found,not_found,not_found,not_found,0.209,E05,E14,E45,E36,E14-[CONSTRAINS]->E19; E19-[TRIGGERS]->E45; E45-[LEADS_TO]->E36,PTS4,AI_DRAFT_REVIEW_REQUIRED,HIGH,0.723,provisional_evidence_level; weak_quote_support,"AI-assisted draft, not final human gold. Evidence support 0/4; chain issues: none; predicate aliases normalized: no."
S011,S011_CMOC1,"Bringing Explicit Insight into Cognitive Psychology Features during Clinical Reasoning Seminars: A Prospective, Controlled Study",2011,10.4103/1357-6283.101459,https://pubmed.ncbi.nlm.nih.gov/21710417/,d:\LLM-Knowledge-Graph\graphrag\input\pubmed_21710417.txt,Abstract Only,1992,PTS3,Positive,E03,students with high clinical domain-specific knowledge,E07,an expert's reasoning processes or thoughts are explicitly revealed and discussed,E27,build understanding,E44,successful non-analytical reasoning in the future,E07-[PROVIDES]->E19; E19-[TRIGGERS]->E27; E27-[LEADS_TO]->E44,C: sixth-year medical students patient work-up of case-based reasoning seminars | I: the tutors made each step explicit to students and encouraged self-reflection on their reasoning processes | M: improved aspects of diagnostic competence | O: students in the intervention group significantly more often listed the correct diagnosis among the differential diagnoses in their charts,exact,exact,exact,exact,1.0,E03,E07,E27,E44,E07-[PROVIDES]->E19; E19-[TRIGGERS]->E27; E27-[LEADS_TO]->E44,PTS2,AI_DRAFT_REVIEW_REQUIRED_ABSTRACT_ONLY,HIGH,0.85,provisional_evidence_level; pts_chain_mismatch; pts_context_mismatch,"AI-assisted draft, not final human gold. Evidence support 4/4; chain issues: context:E03_not_in_E04, intervention:E07_not_in_E09/E10/E11, outcome:E44_not_in_E22/E28/E40/E41; predicate aliases normalized: no."
S011,S011_CMOC2,"Bringing Explicit Insight into Cognitive Psychology Features during Clinical Reasoning Seminars: A Prospective, Controlled Study",2011,10.4103/1357-6283.101459,https://pubmed.ncbi.nlm.nih.gov/21710417/,d:\LLM-Knowledge-Graph\graphrag\input\pubmed_21710417.txt,Abstract Only,1992,PTS4,Negative,E05,negative student coping strategies or lacking self-confidence or self-efficacy,E14,"feedback is absent, incomplete or contains errors",E45,confusion,E36,poor illness script development,E14-[CONSTRAINS]->E19; E19-[CONSTRAINS]->E45; E45-[LEADS_TO]->E36,C: students in the control group had lower accuracy in diagnosis | I: the overall differences in accuracy of the final diagnosis given to the patient at the end of the encounter were not statistically significant | M: the overall differences in accuracy of the final diagnosis given to the patient at the end of the encounter were not statistically significant | O: the overall differences in accuracy of the final diagnosis given to the patient at the end of the encounter were not statistically significant,not_found,partial_8_word,partial_8_word,partial_8_word,0.644,E05,E14,E45,E36,E14-[CONSTRAINS]->E19; E19-[CONSTRAINS]->E45; E45-[LEADS_TO]->E36,PTS4,AI_DRAFT_REVIEW_REQUIRED_ABSTRACT_ONLY,HIGH,0.875,provisional_evidence_level,"AI-assisted draft, not final human gold. Evidence support 3/4; chain issues: none; predicate aliases normalized: no."
S012,S012_CMOC1,How we created virtual patient cases for primary care-based learning,2011,10.3109/0142159x.2011.544796,EBSCO-FullText-01_02_2026 (7).pdf,d:\LLM-Knowledge-Graph\graphrag\input\EBSCO-FullText-01_02_2026 (7).pdf.txt,Full-text,24743,PTS3,Positive,E06,students with different levels of knowledge within a group,E10,"real-life scenarios, including simulation and simulated patients",E27,build understanding,E22,positive learning experience,E10-[PROVIDES]->E19; E19-[TRIGGERS]->E27; E27-[LEADS_TO]->E22,C: students are multiple users; the average number of attempts at each scenario per student is greater than 1. | I: VP cases can be tailored using decision-making software to give students experience of primary care specific clinical reasoning skills. | M: students may be using the VPs in a formative manner. | O: students found the scenarios useful for developing consulting skills.,exact,exact,exact,partial_8_word,0.938,E06,E10,E27,E22,E10-[PROVIDES]->E19; E19-[TRIGGERS]->E27; E27-[LEADS_TO]->E22,PTS5,AI_DRAFT_REVIEW_REQUIRED,MEDIUM,0.828,pts_chain_mismatch; pts_context_mismatch,"AI-assisted draft, not final human gold. Evidence support 4/4; chain issues: context:E06_not_in_E04; predicate aliases normalized: no."
S012,S012_CMOC2,How we created virtual patient cases for primary care-based learning,2011,10.3109/0142159x.2011.544796,EBSCO-FullText-01_02_2026 (7).pdf,d:\LLM-Knowledge-Graph\graphrag\input\EBSCO-FullText-01_02_2026 (7).pdf.txt,Full-text,24743,PTS4,Negative,E05,negative student coping strategies or lacking self-confidence or self-efficacy,E14,"feedback is absent, incomplete or contains errors",E45,confusion,E38,negative learning outcomes,E14-[CONSTRAINS]->E19; E19-[TRIGGERS]->E45; E45-[LEADS_TO]->E38,"C: students commented that they found the scenarios useful for developing consulting skills. | I: Feedback was collected on the accessibility, popularity and any perceived disadvantages of each VP case. | M: students expressed confusion about the scenarios. | O: students found the scenarios useful for developing consulting skills.",partial_8_word,exact,not_found,partial_8_word,0.697,E05,E14,E45,E38,E14-[CONSTRAINS]->E19; E19-[TRIGGERS]->E45; E45-[LEADS_TO]->E38,PTS4,AI_DRAFT_ACCEPT_READY_FOR_HUMAN_SIGNOFF,LOW,0.894,none,"AI-assisted draft, not final human gold. Evidence support 3/4; chain issues: none; predicate aliases normalized: no."
S013,S013_CMOC1,The Efficacy of a Targeted Remediation Process for Students Who Fail Standardized Patient Examinations,2011,10.1080/10401334.2010.536749,https://pubmed.ncbi.nlm.nih.gov/21240775/,d:\LLM-Knowledge-Graph\graphrag\input\pubmed_21240775.txt,Abstract Only,1816,PTS4,Negative,E02,"students with 'low knowledge,' low clinical domain-specific knowledge, or an inability to use knowledge in a reasoning situation",E10,"real-life scenarios, including simulation and simulated patients",E32,fear,E36,poor illness script development,E10-[PROVIDES]->E19; E19-[TRIGGERS]->E32; E32-[LEADS_TO]->E36,"C: students failing standardized patient examinations represent poorly targeted approaches | I: a month-long clinical performance course, targeted to treat specific types of clinical performance deficiencies | M: the mean preintervention clinical data interpretation and standardized patient examination scores were below the criterion referenced passing standard | O: the mean postintervention scores for the participants were above the passing standard for these two examinations",exact,exact,exact,exact,1.0,E02,E10,E32,E36,E10-[PROVIDES]->E19; E19-[TRIGGERS]->E32; E32-[LEADS_TO]->E36,PTS1,AI_DRAFT_REVIEW_REQUIRED_ABSTRACT_ONLY,HIGH,0.85,provisional_evidence_level; pts_chain_mismatch; pts_context_mismatch,"AI-assisted draft, not final human gold. Evidence support 4/4; chain issues: context:E02_not_in_E05; predicate aliases normalized: no."
S013,S013_CMOC2,The Efficacy of a Targeted Remediation Process for Students Who Fail Standardized Patient Examinations,2011,10.1080/10401334.2010.536749,https://pubmed.ncbi.nlm.nih.gov/21240775/,d:\LLM-Knowledge-Graph\graphrag\input\pubmed_21240775.txt,Abstract Only,1816,PTS1,Positive,E03,students with high clinical domain-specific knowledge,E13,accurate and timely feedback,E27,build understanding,E25,high diagnostic accuracy,E13-[PROVIDES]->E19; E19-[TRIGGERS]->E27; E27-[LEADS_TO]->E25,C: students who failed a clinical performance examination | I: the purpose is to determine the impact of a specifically targeted clinical performance course | M: the mean postintervention scores for the participants were above the passing standard | O: pre- and postintervention differences were statistically significant in both cases,exact,exact,exact,exact,1.0,E03,E13,E27,E25,E13-[PROVIDES]->E19; E19-[TRIGGERS]->E27; E27-[LEADS_TO]->E25,PTS2,AI_DRAFT_REVIEW_REQUIRED_ABSTRACT_ONLY,HIGH,0.85,provisional_evidence_level; pts_chain_mismatch; pts_context_mismatch,"AI-assisted draft, not final human gold. Evidence support 4/4; chain issues: context:E03_not_in_E02, intervention:E13_not_in_E07/E15/E18; predicate aliases normalized: no."
S014,S014_CMOC1,The influence of medical students selfexplanations on diagnostic performance,2011,10.1111/j.1365-2923.2011.03933.x,EBSCO-FullText-01_02_2026 (6).pdf,d:\LLM-Knowledge-Graph\graphrag\input\EBSCO-FullText-01_02_2026 (6).pdf.txt,Full-text,33212,PTS1,Positive,E02,"students with 'low knowledge,' low clinical domain-specific knowledge, or an inability to use knowledge in a reasoning situation",E18,instructing to use both 'non-analytical' or pattern recognition and analytical or step-wise approach to reasoning,E27,build understanding,E46,"increase in learning gain or outcomes, or increase in diagnostic accuracy",E18-[PROVIDES]->E19; E19-[TRIGGERS]->E27; E27-[LEADS_TO]->E46,C: students in Year 3 of an undergraduate programme | I: generating self-explanations while solving a clinical case | M: students more actively attempt to make sense of the clinical findings in a case | O: students in the self-explanation condition... demonstrated better diagnostic performance on subsequent clinical cases,exact,exact,partial_8_word,partial_8_word,0.875,E02,E18,E27,E46,E18-[PROVIDES]->E19; E19-[TRIGGERS]->E27; E27-[LEADS_TO]->E46,PTS1,AI_DRAFT_REVIEW_REQUIRED,MEDIUM,0.806,pts_chain_mismatch,"AI-assisted draft, not final human gold. Evidence support 4/4; chain issues: outcome:E46_not_in_E25/E29/E30; predicate aliases normalized: no."
S014,S014_CMOC2,The influence of medical students selfexplanations on diagnostic performance,2011,10.1111/j.1365-2923.2011.03933.x,EBSCO-FullText-01_02_2026 (6).pdf,d:\LLM-Knowledge-Graph\graphrag\input\EBSCO-FullText-01_02_2026 (6).pdf.txt,Full-text,33212,PTS4,Negative,E05,negative student coping strategies or lacking self-confidence or self-efficacy,E14,"feedback is absent, incomplete or contains errors",E45,confusion,E36,poor illness script development,E14-[CONSTRAINS]->E19; E19-[TRIGGERS]->E45; E45-[LEADS_TO]->E36,C: students in the control condition... did not generate self-explanations | I: no feedback was provided to students | M: students in the control condition... did not generate self-explanations | O: the performance of the two groups did not differ in the training phase,not_found,exact,not_found,partial_8_word,0.554,E05,E14,E45,E36,E14-[CONSTRAINS]->E19; E19-[TRIGGERS]->E45; E45-[LEADS_TO]->E36,PTS4,AI_DRAFT_REVIEW_REQUIRED,HIGH,0.844,weak_quote_support,"AI-assisted draft, not final human gold. Evidence support 2/4; chain issues: none; predicate aliases normalized: no."
S015,S015_CMOC1,Preparing medical students for clinical decision making: A pilot study exploring how students make decisions and the perceived impact of a clinical decision making teaching intervention,2012,10.3109/0142159x.2012.670323,EBSCO-FullText-01_02_2026 (9).pdf,d:\LLM-Knowledge-Graph\graphrag\input\EBSCO-FullText-01_02_2026 (9).pdf.txt,Full-text,45479,PTS3,Positive,E06,students with different levels of knowledge within a group,E10,"real-life scenarios, including simulation and simulated patients",E27,build understanding,E44,successful non-analytical reasoning in the future,E10-[PROVIDES]->E19; E19-[TRIGGERS]->E27; E27-[LEADS_TO]->E44,"C: students feel unprepared for clinical decision making as FY1s, and lack effective decision making strategies. | I: Experiencing complex decision making scenarios through individually orientated simulation results in students being subjectively more prepared for work as FY1s. | M: A teaching intervention... appeared to be useful in improving medical students’ decision making. | O: students being subjectively more prepared for work as FY1s.",exact,exact,partial_8_word,exact,0.938,E06,E10,E27,E44,E10-[PROVIDES]->E19; E19-[TRIGGERS]->E27; E27-[LEADS_TO]->E44,PTS5,AI_DRAFT_REVIEW_REQUIRED,MEDIUM,0.828,pts_chain_mismatch; pts_context_mismatch,"AI-assisted draft, not final human gold. Evidence support 4/4; chain issues: context:E06_not_in_E04, outcome:E44_not_in_E22/E28/E40/E41; predicate aliases normalized: no."
S015,S015_CMOC2,Preparing medical students for clinical decision making: A pilot study exploring how students make decisions and the perceived impact of a clinical decision making teaching intervention,2012,10.3109/0142159x.2012.670323,EBSCO-FullText-01_02_2026 (9).pdf,d:\LLM-Knowledge-Graph\graphrag\input\EBSCO-FullText-01_02_2026 (9).pdf.txt,Full-text,45479,PTS4,Negative,E05,negative student coping strategies or lacking self-confidence or self-efficacy,E14,"feedback is absent, incomplete or contains errors",E45,confusion,E36,poor illness script development,E14-[PROVIDES]->E19; E19-[TRIGGERS]->E45; E45-[LEADS_TO]->E36,"C: students continue to feel unprepared for the responsibility of clinical decision making. | I: students feel unprepared for clinical decision making as FY1s, and lack effective decision making strategies. | M: students continue to feel unprepared for the responsibility of clinical decision making. | O: students feel unprepared for clinical decision making as FY1s, and lack effective decision making strategies.",exact,exact,exact,exact,1.0,E05,E14,E45,E36,E14-[PROVIDES]->E19; E19-[TRIGGERS]->E45; E45-[LEADS_TO]->E36,PTS4,AI_DRAFT_ACCEPT_READY_FOR_HUMAN_SIGNOFF,LOW,0.95,none,"AI-assisted draft, not final human gold. Evidence support 4/4; chain issues: none; predicate aliases normalized: no."
S016,S016_CMOC1,Reflection as a strategy to foster medical students acquisition of diagnostic competence,2012,10.1111/j.1365-2923.2012.04217.x,EBSCO-FullText-01_02_2026 (4).pdf,d:\LLM-Knowledge-Graph\graphrag\input\EBSCO-FullText-01_02_2026 (4).pdf.txt,Full-text,40110,PTS3,Positive,E03,students with high clinical domain-specific knowledge,E18,instructing to use both 'non-analytical' or pattern recognition and analytical or step-wise approach to reasoning,E27,build understanding,E46,"increase in learning gain or outcomes, or increase in diagnostic accuracy",E18-[PROVIDES]->E19; E19-[TRIGGERS]->E27; E27-[LEADS_TO]->E46,C: 46 Year 4 students diagnosed six clinical cases under different experimental conditions. | I: structured reflection while practising with cases appears to foster the learning of clinical knowledge. | M: reﬂection enriched the illness scripts they had already stored. | O: scores in the reﬂection condition...significantly outperformed those in the other conditions.,partial_8_word,partial_8_word,exact,not_found,0.697,E03,E18,E27,E46,E18-[PROVIDES]->E19; E19-[TRIGGERS]->E27; E27-[LEADS_TO]->E46,PTS2,AI_DRAFT_REVIEW_REQUIRED,MEDIUM,0.744,pts_chain_mismatch; pts_context_mismatch,"AI-assisted draft, not final human gold. Evidence support 3/4; chain issues: context:E03_not_in_E04, intervention:E18_not_in_E09/E10/E11, outcome:E46_not_in_E22/E28/E40/E41; predicate aliases normalized: no."
S016,S016_CMOC2,Reflection as a strategy to foster medical students acquisition of diagnostic competence,2012,10.1111/j.1365-2923.2012.04217.x,EBSCO-FullText-01_02_2026 (4).pdf,d:\LLM-Knowledge-Graph\graphrag\input\EBSCO-FullText-01_02_2026 (4).pdf.txt,Full-text,40110,PTS4,Negative,E05,negative student coping strategies or lacking self-confidence or self-efficacy,E14,"feedback is absent, incomplete or contains errors",E45,confusion,E36,poor illness script development,E14-[PROVIDES]->E19; E19-[TRIGGERS]->E45; E45-[LEADS_TO]->E36,C: students in the reﬂection condition performed worse than those in the other conditions. | I: structured reflection seems to lead to poorer performance than the other conditions. | M: reﬂection leads to initial confusion given that many different features and diagnoses have been considered in detail. | O: students in the reﬂection condition performed worse than those in the other conditions.,exact,partial_8_word,not_found,exact,0.785,E05,E14,E45,E36,E14-[PROVIDES]->E19; E19-[TRIGGERS]->E45; E45-[LEADS_TO]->E36,PTS4,AI_DRAFT_ACCEPT_READY_FOR_HUMAN_SIGNOFF,LOW,0.925,none,"AI-assisted draft, not final human gold. Evidence support 3/4; chain issues: none; predicate aliases normalized: no."
S017,S017_CMOC1,Should we teach using schemas? Evidence from a randomised trial,2012,10.1111/j.1365-2923.2012.04311.x,EBSCO-FullText-01_02_2026 (5).pdf,d:\LLM-Knowledge-Graph\graphrag\input\EBSCO-FullText-01_02_2026 (5).pdf.txt,Full-text,30254,PTS1,Positive,E02,"students with 'low knowledge,' low clinical domain-specific knowledge, or an inability to use knowledge in a reasoning situation",E15,explicit and clear explanation of expert's reasoning,E27,build understanding,E46,"increase in learning gain or outcomes, or increase in diagnostic accuracy",E15-[PROVIDES]->E19; E19-[TRIGGERS]->E27; E27-[LEADS_TO]->E46,C: Year 2 medical students were randomised to learn four cardiac diagnoses using schema-based instruction. | I: Students receiving schema-based instruction performed better on structured knowledge questions. | M: Schemas modified knowledge organisation by increasing the amount of structured knowledge. | O: Schema-based instruction was associated with improved retention of structured knowledge and diagnostic performance among novices.,exact,exact,partial_8_word,partial_8_word,0.875,E02,E15,E27,E46,E15-[PROVIDES]->E19; E19-[TRIGGERS]->E27; E27-[LEADS_TO]->E46,PTS1,AI_DRAFT_REVIEW_REQUIRED,MEDIUM,0.806,pts_chain_mismatch,"AI-assisted draft, not final human gold. Evidence support 4/4; chain issues: outcome:E46_not_in_E25/E29/E30; predicate aliases normalized: no."
S017,S017_CMOC2,Should we teach using schemas? Evidence from a randomised trial,2012,10.1111/j.1365-2923.2012.04311.x,EBSCO-FullText-01_02_2026 (5).pdf,d:\LLM-Knowledge-Graph\graphrag\input\EBSCO-FullText-01_02_2026 (5).pdf.txt,Full-text,30254,PTS4,Negative,E05,negative student coping strategies or lacking self-confidence or self-efficacy,E08,instructed to use analytical reasoning alone,E45,confusion,E36,poor illness script development,E08-[PROVIDES]->E19; E19-[TRIGGERS]->E45; E45-[LEADS_TO]->E36,C: We anticipated lower diagnostic accuracy on untaught lesions among students instructed with schemas. | I: Although reasoning strategy was not directly measured... schema-instructed students were more likely to report features from the schema. | M: Incorrect features may have a derailing effect on diagnostic reasoning. | O: We anticipated lower diagnostic accuracy on untaught lesions among students instructed with schemas.,exact,partial_8_word,exact,exact,0.938,E05,E08,E45,E36,E08-[PROVIDES]->E19; E19-[TRIGGERS]->E45; E45-[LEADS_TO]->E36,PTS4,AI_DRAFT_REVIEW_REQUIRED,MEDIUM,0.828,pts_chain_mismatch,"AI-assisted draft, not final human gold. Evidence support 4/4; chain issues: intervention:E08_not_in_E09/E10/E14; predicate aliases normalized: no."
S018,S018_CMOC1,What and how advanced medical students learn,2012,10.1007/s11251-012-9211-z,s11251-012-9211-z.pdf,d:\LLM-Knowledge-Graph\graphrag\input\s11251-012-9211-z.pdf.txt,Full-text,45640,PTS1,Positive,E02,"students with 'low knowledge,' low clinical domain-specific knowledge, or an inability to use knowledge in a reasoning situation",E10,"real-life scenarios, including simulation and simulated patients",E27,build understanding,E46,"increase in learning gain or outcomes, or increase in diagnostic accuracy",E10-[PROVIDES]->E19; E19-[TRIGGERS]->E27; E27-[LEADS_TO]->E46,"C: students explicitly paid attention to variations in enabling conditions and consequences, which led to improvement of these knowledge components. | I: the study reported in this article concerns the questions what and how fourth-year medical students can learn from a series of cases that have a similar underlying problem. | M: students are well able to learn the patterns and variations of enabling conditions and consequences independently. | O: continued and repeated experience with classes of similar cases may result in the integration of biomedical knowledge in clinical knowledge.",exact,exact,partial_8_word,exact,0.938,E02,E10,E27,E46,E10-[PROVIDES]->E19; E19-[TRIGGERS]->E27; E27-[LEADS_TO]->E46,PTS1,AI_DRAFT_REVIEW_REQUIRED,MEDIUM,0.828,pts_chain_mismatch,"AI-assisted draft, not final human gold. Evidence support 4/4; chain issues: intervention:E10_not_in_E07/E15/E18, outcome:E46_not_in_E25/E29/E30; predicate aliases normalized: no."
S018,S018_CMOC2,What and how advanced medical students learn,2012,10.1007/s11251-012-9211-z,s11251-012-9211-z.pdf,d:\LLM-Knowledge-Graph\graphrag\input\s11251-012-9211-z.pdf.txt,Full-text,45640,PTS4,Negative,E05,negative student coping strategies or lacking self-confidence or self-efficacy,E14,"feedback is absent, incomplete or contains errors",E45,confusion,E36,poor illness script development,E14-[CONSTRAINS]->E19; E19-[TRIGGERS]->E45; E45-[LEADS_TO]->E36,"C: integration of biomedical knowledge into the fault component was, however, hampered by lack of knowledge and by misconceptions that students were unable to debug. | I: the present results do not tell whether students will use resource information to debug a misconception in biomedical knowledge. | M: it is doubtful whether opportunities for impromptu case-based teaching events in the clinical practice are sufficient. | O: the role of the coach is that all participants are active and to prevent cognitive errors from being made.",exact,exact,partial_8_word,exact,0.938,E05,E14,E45,E36,E14-[CONSTRAINS]->E19; E19-[TRIGGERS]->E45; E45-[LEADS_TO]->E36,PTS4,AI_DRAFT_ACCEPT_READY_FOR_HUMAN_SIGNOFF,LOW,0.95,none,"AI-assisted draft, not final human gold. Evidence support 4/4; chain issues: none; predicate aliases normalized: no."
S019,S019_CMOC1,evPaeds: undergraduate clinical reasoning,2012,10.1111/j.1743-498X.2011.00523.x,https://pubmed.ncbi.nlm.nih.gov/22587313/,d:\LLM-Knowledge-Graph\graphrag\input\pubmed_22587313.txt,Abstract Only,1596,PTS3,Positive,E02,"students with 'low knowledge,' low clinical domain-specific knowledge, or an inability to use knowledge in a reasoning situation",E10,"real-life scenarios, including simulation and simulated patients",E27,build understanding,E22,positive learning experience,E10-[PROVIDES]->E19; E19-[TRIGGERS]->E27; E27-[LEADS_TO]->E22,"C: Our medical students learn clinical reasoning in small group discussion sessions and during their clinical attachments. | I: evPaeds incorporates the Paediatric Decision Tree, which encourages students to make decisions on investigations and management. | M: evPaeds has proven popular with students to practise and develop clinical reasoning. | O: These are popular with students but provide little opportunity for interaction.",exact,exact,exact,exact,1.0,E02,E10,E27,E22,E10-[PROVIDES]->E19; E19-[TRIGGERS]->E27; E27-[LEADS_TO]->E22,PTS1,AI_DRAFT_REVIEW_REQUIRED_ABSTRACT_ONLY,HIGH,0.85,provisional_evidence_level; pts_chain_mismatch; pts_context_mismatch,"AI-assisted draft, not final human gold. Evidence support 4/4; chain issues: context:E02_not_in_E04; predicate aliases normalized: no."
S019,S019_CMOC2,evPaeds: undergraduate clinical reasoning,2012,10.1111/j.1743-498X.2011.00523.x,https://pubmed.ncbi.nlm.nih.gov/22587313/,d:\LLM-Knowledge-Graph\graphrag\input\pubmed_22587313.txt,Abstract Only,1596,PTS4,Negative,E05,negative student coping strategies or lacking self-confidence or self-efficacy,E14,"feedback is absent, incomplete or contains errors",E45,confusion,E36,poor illness script development,E14-[CONSTRAINS]->E19; E19-[CONSTRAINS]->E45; E45-[LEADS_TO]->E36,C: These are popular with students but provide little opportunity for interaction. | I: Close collaboration with students and teachers ensured that evPaeds met the unique learning needs of undergraduate students. | M: These are popular with students but provide little opportunity for interaction. | O: These are popular with students but provide little opportunity for interaction.,exact,exact,exact,exact,1.0,E05,E14,E45,E36,E14-[CONSTRAINS]->E19; E19-[CONSTRAINS]->E45; E45-[LEADS_TO]->E36,PTS4,AI_DRAFT_REVIEW_REQUIRED_ABSTRACT_ONLY,HIGH,0.95,provisional_evidence_level,"AI-assisted draft, not final human gold. Evidence support 4/4; chain issues: none; predicate aliases normalized: no."
S020,S020_CMOC1,Effect of enhanced analytic reasoning on diagnostic accuracy: A randomized controlled study,2013,10.3109/0142159x.2013.759643,EBSCO-FullText-01_02_2026 (3).pdf,d:\LLM-Knowledge-Graph\graphrag\input\EBSCO-FullText-01_02_2026 (3).pdf.txt,Full-text,13313,PTS1,Positive,E02,"students with 'low knowledge,' low clinical domain-specific knowledge, or an inability to use knowledge in a reasoning situation",E18,instructing to use both 'non-analytical' or pattern recognition and analytical or step-wise approach to reasoning,E27,build understanding,E46,"increase in learning gain or outcomes, or increase in diagnostic accuracy",E18-[PROVIDES]->E19; E19-[TRIGGERS]->E27; E27-[LEADS_TO]->E46,C: fourth-year medical students just before attaining the license of medical doctor | I: the analytic reasoning group was requested to list differential diagnoses and findings compatible or not compatible with each diagnosis | M: completing the table forced the consideration of alternative diagnoses and of findings that conflicted with a suspected diagnosis | O: Mean diagnostic accuracy scores were significantly higher in the analytic reasoning group than in the control group,exact,exact,partial_8_word,exact,0.938,E02,E18,E27,E46,E18-[PROVIDES]->E19; E19-[TRIGGERS]->E27; E27-[LEADS_TO]->E46,PTS1,AI_DRAFT_REVIEW_REQUIRED,MEDIUM,0.828,pts_chain_mismatch,"AI-assisted draft, not final human gold. Evidence support 4/4; chain issues: outcome:E46_not_in_E25/E29/E30; predicate aliases normalized: no."
S020,S020_CMOC2,Effect of enhanced analytic reasoning on diagnostic accuracy: A randomized controlled study,2013,10.3109/0142159x.2013.759643,EBSCO-FullText-01_02_2026 (3).pdf,d:\LLM-Knowledge-Graph\graphrag\input\EBSCO-FullText-01_02_2026 (3).pdf.txt,Full-text,13313,PTS4,Negative,E05,negative student coping strategies or lacking self-confidence or self-efficacy,E14,"feedback is absent, incomplete or contains errors",E45,confusion,E36,poor illness script development,E14-[CONSTRAINS]->E19; E19-[CONSTRAINS]->E45; E45-[LEADS_TO]->E36,C: students in the control group provided a diagnosis without these processes | I: the control group provided a diagnosis without these processes | M: students in the control group provided a diagnosis without these processes | O: diagnostic accuracy was significantly lower in the control group than in the analytic reasoning group,partial_8_word,exact,partial_8_word,not_found,0.712,E05,E14,E45,E36,E14-[CONSTRAINS]->E19; E19-[CONSTRAINS]->E45; E45-[LEADS_TO]->E36,PTS4,AI_DRAFT_ACCEPT_READY_FOR_HUMAN_SIGNOFF,LOW,0.899,none,"AI-assisted draft, not final human gold. Evidence support 3/4; chain issues: none; predicate aliases normalized: no."
S021,S021_CMOC1,Students selfexplanations while solving unfamiliar cases: the role of biomedical knowledge,2013,10.1111/medu.12253,EBSCO-FullText-01_02_2026.pdf,d:\LLM-Knowledge-Graph\graphrag\input\EBSCO-FullText-01_02_2026.pdf.txt,Full-text,38372,PTS5,Positive,E06,students with different levels of knowledge within a group,E17,listen to near-peer think aloud their reasoning with the use of prompts and examples,E39,build upon what they already know,E43,complete illness scripts,E17-[PROVIDES]->E19; E19-[TRIGGERS]->E39; E39-[LEADS_TO]->E43,"C: Lack of familiarity with a case seems to stimulate medical students to engage in more extensive thinking during self-explanation. | I: Self-explanation while solving clinical cases may be an effective strategy to foster reasoning. | M: Less familiar cases seem to activate students’ biomedical knowledge, which in turn helps them to create new links. | O: Self-explanation fosters learning and helps students to create a coherent representation of a case.",partial_8_word,partial_8_word,partial_8_word,partial_8_word,0.75,E06,E17,E39,E43,E17-[PROVIDES]->E19; E19-[TRIGGERS]->E39; E39-[LEADS_TO]->E43,PTS5,AI_DRAFT_ACCEPT_READY_FOR_HUMAN_SIGNOFF,LOW,0.912,none,"AI-assisted draft, not final human gold. Evidence support 4/4; chain issues: none; predicate aliases normalized: no."
S021,S021_CMOC2,Students selfexplanations while solving unfamiliar cases: the role of biomedical knowledge,2013,10.1111/medu.12253,EBSCO-FullText-01_02_2026.pdf,d:\LLM-Knowledge-Graph\graphrag\input\EBSCO-FullText-01_02_2026.pdf.txt,Full-text,38372,PTS1,Positive,E02,"students with 'low knowledge,' low clinical domain-specific knowledge, or an inability to use knowledge in a reasoning situation",E15,explicit and clear explanation of expert's reasoning,E27,build understanding,E25,high diagnostic accuracy,E15-[PROVIDES]->E19; E19-[TRIGGERS]->E27; E27-[LEADS_TO]->E25,C: Students provided more self-explanation segments from less familiar cases. | I: Self-explanation while diagnosing cases improved diagnostic performance. | M: Students engage in more extensive thinking during self-explanation. | O: Self-explanation improved diagnostic performance on new cases.,not_found,not_found,not_found,exact,0.518,E02,E15,E27,E25,E15-[PROVIDES]->E19; E19-[TRIGGERS]->E27; E27-[LEADS_TO]->E25,PTS1,AI_DRAFT_REVIEW_REQUIRED,HIGH,0.831,weak_quote_support,"AI-assisted draft, not final human gold. Evidence support 1/4; chain issues: none; predicate aliases normalized: no."
S022,S022_CMOC1,To what extent does nonanalytic reasoning contribute to visual learning in cytopathology?,2013,10.1002/cncy.21263,Cancer Cytopathology - 2013 - Evered - To what extent does nonanalytic reasoning contribute to visu.pdf,d:\LLM-Knowledge-Graph\graphrag\input\Cancer Cytopathology - 2013 - Evered - To what extent does nonanalytic reasoning contribute to visu.pdf.txt,Full-text,45623,PTS1,Positive,E02,"students with 'low knowledge,' low clinical domain-specific knowledge, or an inability to use knowledge in a reasoning situation",E09,teaching resources that allow them to make mistakes,E27,build understanding,E25,high diagnostic accuracy,E09-[PROVIDES]->E19; E19-[TRIGGERS]->E27; E27-[LEADS_TO]->E25,C: Forty-nine cytology novice participants undertook an initial image interpretation test to obtain baseline diagnostic accuracy. | I: the remaining 25 participants were simply shown 20 nonannotated paired images of normal and abnormal cervical cells. | M: Encouraging trainees to adopt pattern recognition strategies may help to expedite the acquisition of visual interpretation skills. | O: Diagnostic accuracy in both groups improved significantly between tests 1 and 2.,partial_8_word,exact,exact,exact,0.938,E02,E09,E27,E25,E09-[PROVIDES]->E19; E19-[TRIGGERS]->E27; E27-[LEADS_TO]->E25,PTS1,AI_DRAFT_REVIEW_REQUIRED,MEDIUM,0.828,pts_chain_mismatch,"AI-assisted draft, not final human gold. Evidence support 4/4; chain issues: intervention:E09_not_in_E07/E15/E18; predicate aliases normalized: no."
S022,S022_CMOC2,To what extent does nonanalytic reasoning contribute to visual learning in cytopathology?,2013,10.1002/cncy.21263,Cancer Cytopathology - 2013 - Evered - To what extent does nonanalytic reasoning contribute to visu.pdf,d:\LLM-Knowledge-Graph\graphrag\input\Cancer Cytopathology - 2013 - Evered - To what extent does nonanalytic reasoning contribute to visu.pdf.txt,Full-text,45623,PTS4,Negative,E05,negative student coping strategies or lacking self-confidence or self-efficacy,E08,instructed to use analytical reasoning alone,E45,confusion,E38,negative learning outcomes,E08-[PROVIDES]->E19; E19-[TRIGGERS]->E45; E45-[LEADS_TO]->E38,C: the speed of response to test images was generally faster under nonanalytic than under analytic conditions. | I: both groups were instructed to adopt a combined analytic/nonanalytic diagnostic strategy. | M: combining analytic and non-analytic reasoning do not appear to be effective. | O: decreased between tests 2 and 3.,partial_8_word,exact,exact,exact,0.938,E05,E08,E45,E38,E08-[PROVIDES]->E19; E19-[TRIGGERS]->E45; E45-[LEADS_TO]->E38,PTS4,AI_DRAFT_REVIEW_REQUIRED,MEDIUM,0.828,pts_chain_mismatch,"AI-assisted draft, not final human gold. Evidence support 4/4; chain issues: intervention:E08_not_in_E09/E10/E14; predicate aliases normalized: no."
S023,S023_CMOC1,A Serious Game Can Be a Valid Method to Train Clinical,2014,10.1007/s00268-014-2743-4,s00268-014-2743-4.pdf,d:\LLM-Knowledge-Graph\graphrag\input\s00268-014-2743-4.pdf.txt,Full-text,28981,PTS2,Positive,E03,students with high clinical domain-specific knowledge,E10,"real-life scenarios, including simulation and simulated patients",E39,build upon what they already know,E46,"increase in learning gain or outcomes, or increase in diagnostic accuracy",E10-[PROVIDES]->E19; E19-[TRIGGERS]->E39; E39-[LEADS_TO]->E46,"C: Surgeons solved more cases correctly (mean 77 %) than surgical residents (67 %), interns (60 %), master-degree students (50 %), and bachelor-degree students (39 % ( p< 0.01). | I: A serious game was developed to train surgical residents in clinical decision-making regarding biliary tract disease. | M: Players are required to develop and test hypotheses to overcome a given challenge relating to experiential learning. | O: Trainees performed significantly better in their second play session than in the first (median 72 vs. 48 %, p = 0.00).",exact,exact,partial_8_word,partial_8_word,0.875,E03,E10,E39,E46,E10-[PROVIDES]->E19; E19-[TRIGGERS]->E39; E39-[LEADS_TO]->E46,PTS2,AI_DRAFT_REVIEW_REQUIRED,MEDIUM,0.806,pts_chain_mismatch,"AI-assisted draft, not final human gold. Evidence support 4/4; chain issues: outcome:E46_not_in_E25/E30/E43/E44; predicate aliases normalized: no."
S023,S023_CMOC2,A Serious Game Can Be a Valid Method to Train Clinical,2014,10.1007/s00268-014-2743-4,s00268-014-2743-4.pdf,d:\LLM-Knowledge-Graph\graphrag\input\s00268-014-2743-4.pdf.txt,Full-text,28981,PTS4,Negative,E05,negative student coping strategies or lacking self-confidence or self-efficacy,E14,"feedback is absent, incomplete or contains errors",E45,confusion,E36,poor illness script development,E14-[CONSTRAINS]->E19; E19-[TRIGGERS]->E45; E45-[LEADS_TO]->E36,"C: Of the students, 8 of 17 found the game frustrating (compared to 1 of 11 trainees and 1 of 6 experts). | I: The performance of the participants was automatically measured through the following parameters: correct, incorrect, or neither correct/incorrect solution. | M: Of the students, 8 of 17 found the game frustrating. | O: The majority perceived the game as fun (91.2 %), challenging (85.3 %), and would recommend the game to educate their colleagues (81.8 %).",partial_8_word,exact,partial_8_word,exact,0.875,E05,E14,E45,E36,E14-[CONSTRAINS]->E19; E19-[TRIGGERS]->E45; E45-[LEADS_TO]->E36,PTS4,AI_DRAFT_ACCEPT_READY_FOR_HUMAN_SIGNOFF,LOW,0.95,none,"AI-assisted draft, not final human gold. Evidence support 4/4; chain issues: none; predicate aliases normalized: no."
S024,S024_CMOC1,Casebook: a virtual patient iPad application for teaching decision-making through the use of electronic health records,2014,10.1186/1472-6947-14-66,1472-6947-14-66.pdf,d:\LLM-Knowledge-Graph\graphrag\input\1472-6947-14-66.pdf.txt,Full-text,44685,PTS3,Positive,E02,"students with 'low knowledge,' low clinical domain-specific knowledge, or an inability to use knowledge in a reasoning situation",E10,"real-life scenarios, including simulation and simulated patients",E27,build understanding,E46,"increase in learning gain or outcomes, or increase in diagnostic accuracy",E10-[PROVIDES]->E19; E19-[TRIGGERS]->E27; E27-[LEADS_TO]->E46,"C: students feel they are not prepared for clinical work: evidence shows that they feel unprepared for standard, typical patient presentations and common conditions. | I: students learn decision-making skills by observing and interacting with real patient cases in this simulated environment. | M: students can gain an understanding into the thought processes and clinical reasoning of the physician who worked on the patient. | O: learning theory research has shown that students learn decision-making skills best when they have access to multitudes of patient cases.",exact,exact,exact,exact,1.0,E02,E10,E27,E46,E10-[PROVIDES]->E19; E19-[TRIGGERS]->E27; E27-[LEADS_TO]->E46,PTS1,AI_DRAFT_REVIEW_REQUIRED,MEDIUM,0.85,pts_chain_mismatch; pts_context_mismatch,"AI-assisted draft, not final human gold. Evidence support 4/4; chain issues: context:E02_not_in_E04, outcome:E46_not_in_E22/E28/E40/E41; predicate aliases normalized: no."
S024,S024_CMOC2,Casebook: a virtual patient iPad application for teaching decision-making through the use of electronic health records,2014,10.1186/1472-6947-14-66,1472-6947-14-66.pdf,d:\LLM-Knowledge-Graph\graphrag\input\1472-6947-14-66.pdf.txt,Full-text,44685,PTS5,Positive,E06,students with different levels of knowledge within a group,E07,an expert's reasoning processes or thoughts are explicitly revealed and discussed,E39,build upon what they already know,E43,complete illness scripts,E07-[PROVIDES]->E19; E19-[TRIGGERS]->E39; E39-[LEADS_TO]->E43,"C: the plurality required is not present in their education, and is considered to be a major challenge. | I: annotations can be defined as physician notes that have been added to electronic health records for the purpose of providing some insight for the student into the physician’s decision-making rationale. | M: students can gain an understanding into the thought processes and clinical reasoning of the physician who worked on the patient. | O: the more experience a student has, the more likely they will make a correct diagnosis from the data available to them.",exact,exact,exact,exact,1.0,E06,E07,E39,E43,E07-[PROVIDES]->E19; E19-[TRIGGERS]->E39; E39-[LEADS_TO]->E43,PTS5,AI_DRAFT_ACCEPT_READY_FOR_HUMAN_SIGNOFF,LOW,0.95,none,"AI-assisted draft, not final human gold. Evidence support 4/4; chain issues: none; predicate aliases normalized: no."
S025,S025_CMOC1,Ineffectiveness of cognitive forcing strategies,2014,10.2310/8000.2013.130860,div-class-title-ineffectiveness-of-cognitive-forcing-strategies-to-reduce-biases-in-diagnostic-reasoning-.pdf,d:\LLM-Knowledge-Graph\graphrag\input\div-class-title-ineffectiveness-of-cognitive-forcing-strategies-to-reduce-biases-in-diagnostic-reasoning-.pdf.txt,Full-text,31012,PTS4,Negative,E05,negative student coping strategies or lacking self-confidence or self-efficacy,E08,instructed to use analytical reasoning alone,E45,confusion,E36,poor illness script development,E08-[PROVIDES]->E19; E19-[TRIGGERS]->E45; E45-[LEADS_TO]->E36,C: students lacking confidence in their diagnostic intuitions | I: CFS training... aimed to reduce diagnostic error by promoting analytic reasoning. | M: students became confused about when to apply the rules. | O: the interventions... failed to show any reduction in diagnostic error by novices.,not_found,not_found,not_found,partial_8_word,0.383,E05,E08,E45,E36,E08-[PROVIDES]->E19; E19-[TRIGGERS]->E45; E45-[LEADS_TO]->E36,PTS4,AI_DRAFT_REVIEW_REQUIRED,HIGH,0.634,weak_quote_support; pts_chain_mismatch,"AI-assisted draft, not final human gold. Evidence support 1/4; chain issues: intervention:E08_not_in_E09/E10/E14; predicate aliases normalized: no."
S025,S025_CMOC2,Ineffectiveness of cognitive forcing strategies,2014,10.2310/8000.2013.130860,div-class-title-ineffectiveness-of-cognitive-forcing-strategies-to-reduce-biases-in-diagnostic-reasoning-.pdf,d:\LLM-Knowledge-Graph\graphrag\input\div-class-title-ineffectiveness-of-cognitive-forcing-strategies-to-reduce-biases-in-diagnostic-reasoning-.pdf.txt,Full-text,31012,PTS4,Negative,E02,"students with 'low knowledge,' low clinical domain-specific knowledge, or an inability to use knowledge in a reasoning situation",E14,"feedback is absent, incomplete or contains errors",E23,frustrated,E38,negative learning outcomes,E14-[PROVIDES]->E19; E19-[TRIGGERS]->E23; E23-[LEADS_TO]->E38,C: students with limited diagnostic experience | I: the educational interventions... failed to show any reduction in diagnostic error. | M: students expressed frustration with the lack of effective feedback. | O: the interventions... did not improve diagnostic accuracy.,not_found,partial_8_word,not_found,not_found,0.341,E02,E14,E23,E38,E14-[PROVIDES]->E19; E19-[TRIGGERS]->E23; E23-[LEADS_TO]->E38,PTS1,AI_DRAFT_REVIEW_REQUIRED,HIGH,0.619,weak_quote_support; pts_chain_mismatch; pts_context_mismatch,"AI-assisted draft, not final human gold. Evidence support 1/4; chain issues: context:E02_not_in_E05; predicate aliases normalized: no."
S026,S026_CMOC1,Does medical students’ diagnostic performance improve by observing examples of self-explanation provided by peers or experts?,2015,10.1007/s10459-014-9576-7,s10459-014-9576-7.pdf,d:\LLM-Knowledge-Graph\graphrag\input\s10459-014-9576-7.pdf.txt,Full-text,40069,PTS1,Positive,E02,"students with 'low knowledge,' low clinical domain-specific knowledge, or an inability to use knowledge in a reasoning situation",E17,listen to near-peer think aloud their reasoning with the use of prompts and examples,E27,build understanding,E25,high diagnostic accuracy,E17-[PROVIDES]->E19; E19-[TRIGGERS]->E27; E27-[LEADS_TO]->E25,"C: Fifty-three third-year medical students were assigned to a peer SE example, an expert SE example or control (no example) group. | I: students improved significantly their diagnostic performance overtime but the main effect of group was not significant. | M: Through SE, students engage in knowledge elaboration, generation of inferences, integration of new information with prior knowledge. | O: students who generated SE while solving clinical cases demonstrated better diagnostic performance 1 week later.",exact,partial_8_word,exact,exact,0.938,E02,E17,E27,E25,E17-[PROVIDES]->E19; E19-[TRIGGERS]->E27; E27-[LEADS_TO]->E25,PTS1,AI_DRAFT_REVIEW_REQUIRED,MEDIUM,0.828,pts_chain_mismatch,"AI-assisted draft, not final human gold. Evidence support 4/4; chain issues: intervention:E17_not_in_E07/E15/E18; predicate aliases normalized: no."
S026,S026_CMOC2,Does medical students’ diagnostic performance improve by observing examples of self-explanation provided by peers or experts?,2015,10.1007/s10459-014-9576-7,s10459-014-9576-7.pdf,d:\LLM-Knowledge-Graph\graphrag\input\s10459-014-9576-7.pdf.txt,Full-text,40069,PTS4,Negative,E05,negative student coping strategies or lacking self-confidence or self-efficacy,E14,"feedback is absent, incomplete or contains errors",E45,confusion,E38,negative learning outcomes,E14-[CONSTRAINS]->E19; E19-[CONSTRAINS]->E45; E45-[LEADS_TO]->E38,"C: the results may differ if examples of intermediate levels of expertise (e.g., residents) are tested. | I: students were not given prompts or other specific tasks to ensure that they listened actively to the examples. | M: students may have been passive, even though their prior SE on the same case was expected to act as a preparatory task. | O: there seems to be limited value of adding SE examples, at least examples from peers or experts.",exact,partial_8_word,partial_8_word,exact,0.875,E05,E14,E45,E38,E14-[CONSTRAINS]->E19; E19-[CONSTRAINS]->E45; E45-[LEADS_TO]->E38,PTS4,AI_DRAFT_ACCEPT_READY_FOR_HUMAN_SIGNOFF,LOW,0.95,none,"AI-assisted draft, not final human gold. Evidence support 4/4; chain issues: none; predicate aliases normalized: no."
S027,S027_CMOC1,Self&#x2010;explanation in learning clinical reasoning: the added value of examples and prompts,2015,10.1111/medu.12623,EBSCO-FullText-01_02_2026 (8).pdf,d:\LLM-Knowledge-Graph\graphrag\input\EBSCO-FullText-01_02_2026 (8).pdf.txt,Full-text,42954,PTS3,Positive,E04,positive student coping strategies or appropriate level of self-confidence or self-efficacy,E17,listen to near-peer think aloud their reasoning with the use of prompts and examples,E27,build understanding,E46,"increase in learning gain or outcomes, or increase in diagnostic accuracy",E17-[PROVIDES]->E19; E19-[TRIGGERS]->E27; E27-[LEADS_TO]->E46,"C: students’ exposure to adapted examples of clinical reasoning is important, but their active processing of these examples seems critical. | I: Group 1 listened to examples of residents’ SEs with prompts. | M: students reported that listening to residents’ examples helped them to elaborate further on their own ideas. | O: Group 1 showed a signiﬁcantly higher diagnostic performance score after 1 week than the control group.",exact,exact,exact,exact,1.0,E04,E17,E27,E46,E17-[PROVIDES]->E19; E19-[TRIGGERS]->E27; E27-[LEADS_TO]->E46,PTS3,AI_DRAFT_REVIEW_REQUIRED,MEDIUM,0.85,pts_chain_mismatch,"AI-assisted draft, not final human gold. Evidence support 4/4; chain issues: intervention:E17_not_in_E09/E10/E11, outcome:E46_not_in_E22/E28/E40/E41; predicate aliases normalized: no."
S027,S027_CMOC2,Self&#x2010;explanation in learning clinical reasoning: the added value of examples and prompts,2015,10.1111/medu.12623,EBSCO-FullText-01_02_2026 (8).pdf,d:\LLM-Knowledge-Graph\graphrag\input\EBSCO-FullText-01_02_2026 (8).pdf.txt,Full-text,42954,PTS1,Positive,E02,"students with 'low knowledge,' low clinical domain-specific knowledge, or an inability to use knowledge in a reasoning situation",E18,instructing to use both 'non-analytical' or pattern recognition and analytical or step-wise approach to reasoning,E42,develop understanding of their successes and failures and generate plans for improvement,E44,successful non-analytical reasoning in the future,E18-[PROVIDES]->E19; E19-[TRIGGERS]->E42; E42-[LEADS_TO]->E44,C: students’ exposure to adapted examples of clinical reasoning is important. | I: the addition of prompts (specific questions) while working with examples. | M: prompts presumably engaged students in additional SE while they listened to the example. | O: Group 1 obtained signiﬁcantly higher diagnostic accuracy and diagnostic performance scores than the control group.,exact,not_found,exact,partial_8_word,0.752,E02,E18,E42,E44,E18-[PROVIDES]->E19; E19-[TRIGGERS]->E42; E42-[LEADS_TO]->E44,PTS1,AI_DRAFT_REVIEW_REQUIRED,MEDIUM,0.763,pts_chain_mismatch,"AI-assisted draft, not final human gold. Evidence support 3/4; chain issues: mechanism:E42_not_in_E20/E27, outcome:E44_not_in_E25/E29/E30; predicate aliases normalized: no."
S028,S028_CMOC1,Test&#x2010;enhanced learning of clinical reasoning: a crossover randomised trial,2016,10.1111/medu.13069,EBSCO-FullText-01_02_2026 (11).pdf,d:\LLM-Knowledge-Graph\graphrag\input\EBSCO-FullText-01_02_2026 (11).pdf.txt,Full-text,43408,PTS1,Positive,E02,"students with 'low knowledge,' low clinical domain-specific knowledge, or an inability to use knowledge in a reasoning situation",E24,rely on non-analytical reasoning,E27,build understanding,E46,"increase in learning gain or outcomes, or increase in diagnostic accuracy",E24-[PROVIDES]->E19; E19-[TRIGGERS]->E27; E27-[LEADS_TO]->E46,C: Year 4 medical students attended 10 weekly computer-based seminars. | I: the intervention condition used the same content but augmented case presentation with a sequence of key feature questions. | M: the observed score difference can be attributed to an effect of repeated testing on the storage and retrieval of knowledge. | O: mean student scores on intervention items were significantly higher than those on control items.,not_found,exact,exact,not_found,0.666,E02,E24,E27,E46,E24-[PROVIDES]->E19; E19-[TRIGGERS]->E27; E27-[LEADS_TO]->E46,PTS1,AI_DRAFT_REVIEW_REQUIRED,HIGH,0.733,weak_quote_support; pts_chain_mismatch,"AI-assisted draft, not final human gold. Evidence support 2/4; chain issues: intervention:E24_not_in_E07/E15/E18, outcome:E46_not_in_E25/E29/E30; predicate aliases normalized: no."
S028,S028_CMOC2,Test&#x2010;enhanced learning of clinical reasoning: a crossover randomised trial,2016,10.1111/medu.13069,EBSCO-FullText-01_02_2026 (11).pdf,d:\LLM-Knowledge-Graph\graphrag\input\EBSCO-FullText-01_02_2026 (11).pdf.txt,Full-text,43408,PTS3,Positive,E04,positive student coping strategies or appropriate level of self-confidence or self-efficacy,E12,strategies that promote knowledge retention,E26,grateful for the learning experience,E22,positive learning experience,E12-[PROVIDES]->E19; E19-[TRIGGERS]->E26; E26-[LEADS_TO]->E22,C: students were more engaged and retained more procedural knowledge. | I: repeated testing with key feature questions is more effective than repeated case-based learning. | M: students expressed appreciation for the structured approach to learning. | O: students reported that the repeated testing improved their understanding.,not_found,exact,not_found,not_found,0.457,E04,E12,E26,E22,E12-[PROVIDES]->E19; E19-[TRIGGERS]->E26; E26-[LEADS_TO]->E22,PTS3,AI_DRAFT_REVIEW_REQUIRED,HIGH,0.66,weak_quote_support; pts_chain_mismatch,"AI-assisted draft, not final human gold. Evidence support 1/4; chain issues: intervention:E12_not_in_E09/E10/E11; predicate aliases normalized: no."
